station_id,name,capacity,num_bikes_available,num_docks_available,lat,lon,is_renting,is_returning
7000,Fort York  Blvd / Capreol Ct,47,7,36,43.639832,-79.395954,TRUE,TRUE
7001,Wellesley Station Green P,23,3,17,43.66496416,-79.38355032,TRUE,TRUE
7002,St. George St / Bloor St W,19,3,15,43.667333,-79.399429,TRUE,TRUE
7003,Madison Ave / Bloor St W,15,5,10,43.667158,-79.402761,TRUE,TRUE
7005,King St W / York St,23,20,2,43.6480008,-79.383177,TRUE,TRUE
7006,Bay St / College St (East Side),31,18,10,43.660439,-79.385525,TRUE,TRUE
7007,College St / Huron St,19,5,11,43.658148,-79.398167,TRUE,TRUE
7008,Wellesley St W / Queen's Park Cres,19,12,5,43.663376,-79.392125,TRUE,TRUE
7009,King St E / Jarvis St,25,7,18,43.650325,-79.372287,TRUE,TRUE
7010,King St W / Spadina Ave,19,12,6,43.645323,-79.395003,TRUE,TRUE
7012,Elizabeth St / Edward St (Bus Terminal),15,13,2,43.656026,-79.385327,TRUE,TRUE
7013,Scott St / The Esplanade,0,0,0,43.64659663,-79.37530914,TRUE,TRUE
7014,Sherbourne St / Carlton St (Allan Gardens),16,1,15,43.663102,-79.373181,TRUE,TRUE
7015,King St W / Bay St (West Side),39,7,29,43.64852,-79.380576,TRUE,TRUE
7016,Bay St / Queens Quay W (Ferry Terminal),35,32,3,43.640978,-79.376785,TRUE,TRUE
7017,Widmer St / Adelaide St W - SMART,12,3,7,43.64754763,-79.391552,TRUE,TRUE
7018,Bremner Blvd / Rees St,23,18,4,43.641529,-79.386741,TRUE,TRUE
7019,Temperance St Station,55,13,38,43.650945,-79.379498,TRUE,TRUE
7020,Phoebe St / Spadina Ave,31,12,15,43.650033,-79.396555,TRUE,TRUE
7021,Bay St / Albert St,63,43,18,43.653264,-79.382458,TRUE,TRUE
7022,Simcoe St / Queen St W,39,26,10,43.65049,-79.3873,TRUE,TRUE
7023,College St / Borden St,11,0,10,43.6571,-79.4056,TRUE,TRUE
7024,Dundonald St / Church St,39,5,34,43.66663,-79.38148,TRUE,TRUE
7025,Ted Rogers Way / Bloor St E,23,1,21,43.671293,-79.380471,TRUE,TRUE
7026,Bay St / St. Joseph St,15,0,15,43.665527,-79.387499,TRUE,TRUE
7027,Beverley St / Dundas St W,31,13,14,43.652823,-79.393388,TRUE,TRUE
7028,Gould St / Mutual St,31,7,22,43.6582,-79.3768,TRUE,TRUE
7029,Bay St / Bloor St W (East Side),15,9,4,43.66943,-79.38915,TRUE,TRUE
7030,Bay St / Wellesley St W,51,5,46,43.664088,-79.387095,TRUE,TRUE
7031,Jarvis St / Isabella St,23,0,22,43.668991,-79.379385,TRUE,TRUE
7032,Augusta Ave / Dundas St W,15,2,10,43.652473,-79.401456,TRUE,TRUE
7033,Union Station,43,37,4,43.645609,-79.380386,TRUE,TRUE
7034,Church St / Bloor St E,15,13,1,43.671389,-79.382919,TRUE,TRUE
7035,Queen St W / Ossington Ave,31,21,10,43.643975,-79.419576,TRUE,TRUE
7036,Trinity St /Front St E,19,1,18,43.651318,-79.36023,TRUE,TRUE
7037,Bathurst St / Dundas St W,26,11,13,43.65189188,-79.40577862,TRUE,TRUE
7038,Dundas St W / Yonge St,31,28,1,43.656094,-79.381484,TRUE,TRUE
7039,Simcoe St / Michael Sweet Ave,19,5,12,43.65232722,-79.38825382,TRUE,TRUE
7040,Euclid Ave / Bloor St W,19,7,11,43.664467,-79.414783,TRUE,TRUE
7041,Edward St / Yonge St,22,9,12,43.656729,-79.382736,TRUE,TRUE
7042,Sherbourne St / Wellesley St E,31,11,17,43.6673,-79.374,TRUE,TRUE
7043,Queens Quay W / Lower Simcoe St,18,9,6,43.63951,-79.383717,TRUE,TRUE
7044,Church St / Alexander St,35,16,19,43.663722,-79.380288,TRUE,TRUE
7045,Bond St / Queen St E,37,34,2,43.653236,-79.376716,TRUE,TRUE
7046,Niagara St / Richmond St W,42,18,24,43.64534,-79.409597,TRUE,TRUE
7047,University Ave / Gerrard St W (East Side),25,13,12,43.657763,-79.389165,TRUE,TRUE
7048,Front St W / Yonge St (Hockey Hall of Fame),47,28,18,43.646144,-79.377962,TRUE,TRUE
7049,Portland St / Queen St W,15,7,7,43.6476,-79.4015,TRUE,TRUE
7050,Richmond St E / Jarvis St Green P,16,8,6,43.652634,-79.374222,TRUE,TRUE
7052,Wellington St W / Bay St,55,34,19,43.647259,-79.379878,TRUE,TRUE
7053,Metro Hall Plaza,27,27,0,43.645859,-79.38783,TRUE,TRUE
7054,Navy Wharf Crt / Bremner Blvd,9,0,8,43.640722,-79.391051,TRUE,TRUE
7055,Jarvis St / Carlton St,15,0,14,43.66207,-79.37617,TRUE,TRUE
7057,Simcoe St / Wellington St W South,27,27,0,43.6458569,-79.3853654,TRUE,TRUE
7058,Huron St / Harbord St,39,24,14,43.6637,-79.400053,TRUE,TRUE
7059,Front St W / Blue Jays Way,15,6,7,43.643473,-79.390477,TRUE,TRUE
7061,Dalton Rd / Bloor St W,15,4,11,43.6662942,-79.4066433,TRUE,TRUE
7063,Queen's Park / Bloor St W,23,17,4,43.668456,-79.393899,TRUE,TRUE
7064,51 Parliament St,19,17,2,43.652169,-79.362841,TRUE,TRUE
7065,Dundas St E / Parliament St,15,5,10,43.659575,-79.365769,TRUE,TRUE
7066,Willcocks St / St. George St,17,13,4,43.662085,-79.397735,TRUE,TRUE
7068,Blantyre Park,22,3,17,43.6830689,-79.279682,TRUE,TRUE
7069,Queen St W / Spadina Ave,11,9,2,43.649147,-79.395504,TRUE,TRUE
7070,25 York St Union Station,11,9,1,43.643667,-79.380414,TRUE,TRUE
7071,161 Bleecker St (South of Wellesley),23,14,8,43.666233,-79.373327,TRUE,TRUE
7072,Fleet St / Bathurst St,23,7,14,43.636611,-79.400042,TRUE,TRUE
7073,Spadina Ave / Fort York Blvd,23,3,18,43.640114,-79.393249,TRUE,TRUE
7074,King St E / Church St,15,15,0,43.6500392,-79.3733541,TRUE,TRUE
7075,Queens Quay W / Dan Leckie Way,26,14,9,43.636533,-79.395854,TRUE,TRUE
7076,York St / Queens Quay W,55,41,11,43.640132,-79.380464,TRUE,TRUE
7077,College Park South,19,9,10,43.659777,-79.382767,TRUE,TRUE
7078,College St / Major St,14,3,10,43.6576,-79.4032,TRUE,TRUE
7079,McGill St / Church St,19,3,13,43.660694,-79.379052,TRUE,TRUE
7083,Danforth Ave / Barrington Ave,15,0,14,43.688325,-79.300463,TRUE,TRUE
7084,High Park - Grenadier Cafe,11,3,8,43.645599,-79.4657123,TRUE,TRUE
7085,Danforth Ave / Westlake Ave,15,10,5,43.687323,-79.304848,TRUE,TRUE
7086,High Park - West Rd,23,3,20,43.651922,-79.465693,TRUE,TRUE
7087,Danforth Ave / Aldridge Ave,11,6,5,43.684758,-79.316767,TRUE,TRUE
7088,Danforth Ave / Coxwell Ave,15,7,7,43.683378,-79.322961,TRUE,TRUE
7089,Church St  / Wood St,27,2,24,43.662712,-79.379903,TRUE,TRUE
7090,Danforth Ave / Lamb Ave,19,7,12,43.681991,-79.329455,TRUE,TRUE
7091,Donlands Subway Station,15,2,13,43.681114,-79.3373885,TRUE,TRUE
7093,Danforth Ave / Gough Ave,25,4,20,43.678401,-79.346289,TRUE,TRUE
7094,14 Arundel Ave,25,1,23,43.6784834,-79.3513564,TRUE,TRUE
7095,Danforth Ave / Ellerbeck St,14,3,10,43.677076,-79.35667,TRUE,TRUE
7096,Lower Don River Trail and Taylor Creek Trail,19,10,8,43.7027268,-79.3336809,TRUE,TRUE
7097,Riverdale Park North (Broadview Ave),15,3,10,43.671172,-79.354704,TRUE,TRUE
7098,Riverdale Park South (Broadview Ave),15,13,2,43.667819,-79.35347,TRUE,TRUE
7099,Cherry St / Mill St,15,0,14,43.6513927,-79.3579466,TRUE,TRUE
7100,Dundas St E / Regent Park Blvd,27,1,26,43.660207,-79.361275,TRUE,TRUE
7101,Lower Sherbourne St / The Esplanade,27,0,27,43.648655,-79.367061,TRUE,TRUE
7102,Nelson St / Duncan St,21,14,4,43.648711,-79.389728,TRUE,TRUE
7103,Jimmie Simpson Park (Queen St E),15,6,5,43.6605603,-79.3437663,TRUE,TRUE
7104,King St E / River St,15,1,13,43.65678478,-79.35627385,TRUE,TRUE
7105,Queen St E / Sackville St,15,5,10,43.6561111,-79.36138889,TRUE,TRUE
7106,Mill St / Tannery Rd,27,16,11,43.652219,-79.354455,TRUE,TRUE
7107,Cherry St / Distillery Ln,15,4,10,43.650279,-79.356832,TRUE,TRUE
7108,Front St E / Cherry St,15,2,12,43.652686,-79.358395,TRUE,TRUE
7109,Seaton St / Dundas St E - SMART,32,1,31,43.658777,-79.369596,TRUE,TRUE
7110,Queen St E / Berkeley St,15,4,11,43.6552778,-79.36583333,TRUE,TRUE
7111,King St W / Douro St,11,1,9,43.640885,-79.416379,TRUE,TRUE
7112,Liberty St / Fraser Ave Green P,19,17,1,43.637981,-79.424146,TRUE,TRUE
7113,Parliament St / Aberdeen Ave,15,5,10,43.665278,-79.368333,TRUE,TRUE
7114,Carlton St / Parliament St,27,9,17,43.664524,-79.36793,TRUE,TRUE
7115,Howard St / Sherbourne St,31,0,30,43.6712581,-79.376367,TRUE,TRUE
7116,Bloor St E / Parliament St,19,8,10,43.6719461,-79.37245115,TRUE,TRUE
7117,640 Bloor Street E,19,0,16,43.67468857,-79.36701962,TRUE,TRUE
7118,King St W / Bay St (East Side),19,19,0,43.648575,-79.380042,TRUE,TRUE
7119,Sumach St / Carlton St (Riverdale Farm),15,9,6,43.665867,-79.362506,TRUE,TRUE
7120,Gerrard St E / River St,11,6,4,43.663993,-79.358534,TRUE,TRUE
7121,Jarvis St / Dundas St E,27,8,18,43.657266,-79.374756,TRUE,TRUE
7122,Niagara St / Tecumseth St,15,1,14,43.641389,-79.404444,TRUE,TRUE
7123,420 Wellington St W,15,14,0,43.643834,-79.396649,TRUE,TRUE
7124,Dundas St E / Broadview Ave,19,11,8,43.662365,-79.351104,TRUE,TRUE
7126,Yonge St / Yorkville Ave,17,2,13,43.671944,-79.387778,TRUE,TRUE
7127,Bay St / Scollard St,15,2,12,43.672152,-79.39018,TRUE,TRUE
7128,Yonge St / Aylmer Ave,23,11,10,43.675492,-79.388858,TRUE,TRUE
7129,Davenport Rd / Avenue Rd,11,1,9,43.674991,-79.396273,TRUE,TRUE
7130,Davenport Rd / Bedford Rd,15,0,14,43.674446,-79.398331,TRUE,TRUE
7131,Taddle Creek Park,15,1,13,43.66986,-79.398443,TRUE,TRUE
7132,Kendal Ave / Spadina Rd,9,2,6,43.670318,-79.405181,TRUE,TRUE
7133,Summerhill Subway Station,11,10,1,43.681944,-79.390556,TRUE,TRUE
7135,Hanna Ave / Liberty St,18,12,6,43.6386086,-79.41965437,TRUE,TRUE
7137,Davenport Rd / Bathurst St,27,0,26,43.676667,-79.416111,TRUE,TRUE
7138,Davenport Rd / Christie St,27,0,26,43.675278,-79.423889,TRUE,TRUE
7139,Glen Edyth Dr / Davenport Rd,15,4,11,43.677778,-79.405556,TRUE,TRUE
7140,Macpherson Ave / Spadina Rd,15,3,12,43.675791,-79.40698,TRUE,TRUE
7141,Bridgman Ave / Kendal Ave,15,4,11,43.675556,-79.410278,TRUE,TRUE
7142,Bridgman Ave / Bathurst St,15,0,15,43.674444,-79.414722,TRUE,TRUE
7143,Kendal Ave / Bernard Ave,15,2,13,43.671513,-79.408317,TRUE,TRUE
7144,Palmerston Ave / Vermont Ave,15,0,15,43.671389,-79.416389,TRUE,TRUE
7146,Christie St / Benson Ave (Wychwood Barns),19,10,9,43.68,-79.425,TRUE,TRUE
7147,King St W / Fraser Ave,15,14,1,43.6394444,-79.42527778,TRUE,TRUE
7148,King St W / Joe Shuster Way,23,16,7,43.639444,-79.423611,TRUE,TRUE
7149,Yarmouth Rd / Christie St,11,0,11,43.67,-79.42083333,TRUE,TRUE
7150,Dufferin St / Sylvan Av (Dufferin Grove Park),19,11,7,43.6555556,-79.43361111,TRUE,TRUE
7151,Essex St / Christie St - SMART,19,0,18,43.6686111,-79.42027778,TRUE,TRUE
7152,Ossington Ave / Bloor St W,11,0,10,43.661705,-79.425734,TRUE,TRUE
7153,Bloor St W / Christie St,19,0,19,43.6638889,-79.41888889,TRUE,TRUE
7154,Bathurst Subway Station,23,2,20,43.6666667,-79.41166667,TRUE,TRUE
7155,Bathurst St / Lennox St,19,9,9,43.663808,-79.410491,TRUE,TRUE
7156,Salem Ave / Bloor St W,15,2,12,43.6608333,-79.43166667,TRUE,TRUE
7157,Dufferin St / Bloor St W,22,7,14,43.66083333,-79.43583333,TRUE,TRUE
7158,King St W / Stafford St,15,0,14,43.6422222,-79.41111111,TRUE,TRUE
7160,King St W / Tecumseth St,19,14,3,43.64333333,-79.40555556,TRUE,TRUE
7161,Beverley St / College St,23,9,13,43.6575,-79.39527778,TRUE,TRUE
7162,Hayter St / La Plante Ave,23,19,2,43.65916667,-79.38555556,TRUE,TRUE
7163,Yonge St / Wood St,14,2,11,43.6622222,-79.3825,TRUE,TRUE
7164,Gould St / Yonge St (TMU),23,11,10,43.657424,-79.381019,TRUE,TRUE
7168,Queens Quay / Yonge St,31,12,18,43.641646,-79.375308,TRUE,TRUE
7169,Front St W / Bay St (North Side),11,8,0,43.646162,-79.378912,TRUE,TRUE
7170,Spadina Ave / Willcocks St,15,3,11,43.6616667,-79.40138889,TRUE,TRUE
7171,Ontario Place Blvd / Lake Shore Blvd W,27,16,11,43.6322445,-79.4108105,TRUE,TRUE
7172,Strachan Ave / Princes' Blvd,19,5,14,43.635,-79.40888889,TRUE,TRUE
7173,Cariboo Ave / Railpath Trail,19,1,18,43.66666667,-79.45833333,TRUE,TRUE
7174,Bloor St W / Dundas St W,15,8,6,43.6563889,-79.45166667,TRUE,TRUE
7175,HTO Park (Queens Quay W),27,5,21,43.63796,-79.387502,TRUE,TRUE
7176,Bathurst St / Fort York Blvd,19,1,17,43.639179,-79.399595,TRUE,TRUE
7178,Dundas St W / Edna Ave,15,1,13,43.657192,-79.452559,TRUE,TRUE
7180,Lansdowne Subway Station,23,4,19,43.65922918,-79.44320901,TRUE,TRUE
7181,Lansdowne Ave / Whytock Ave,15,7,7,43.65388889,-79.44138889,TRUE,TRUE
7182,Sterling Rd / Dundas St W,19,0,18,43.65083333,-79.44305556,TRUE,TRUE
7183,St Clarens Ave / College St,14,4,10,43.651238,-79.43868,TRUE,TRUE
7184,Ossington Ave / College St,11,0,11,43.6544915,-79.422634,TRUE,TRUE
7188,Exhibition GO (Atlantic Ave),15,14,1,43.63769549,-79.42023184,TRUE,TRUE
7189,Augusta Ave / Denison Sq,15,9,5,43.653766,-79.4016759,TRUE,TRUE
7190,St. George St / Hoskin Ave,15,6,7,43.6637403,-79.3980645,TRUE,TRUE
7191,Central Tech  (Harbord St),10,1,5,43.661975,-79.407896,TRUE,TRUE
7192,Harbord St / Clinton St,15,2,12,43.660414,-79.415646,TRUE,TRUE
7193,Dufferin St / Queen St W,15,10,4,43.64309688,-79.42875614,TRUE,TRUE
7194,Mortimer Ave / Coxwell Ave,23,11,12,43.690564,-79.326319,TRUE,TRUE
7195,Ulster St / Bathurst St,11,1,10,43.66,-79.40888889,TRUE,TRUE
7196,Roxton Rd / Harbord St,11,0,11,43.65905,-79.422988,TRUE,TRUE
7197,Queen St W / Dovercourt Rd,11,6,5,43.6438602,-79.4227573,TRUE,TRUE
7198,Queen St W / Cowan Ave,18,11,7,43.64089724,-79.43283583,TRUE,TRUE
7199,College St / Markham St,19,1,17,43.65638889,-79.40916667,TRUE,TRUE
7202,Queen St W / Bay St (City Hall),23,19,1,43.6517925,-79.3826951,TRUE,TRUE
7203,Bathurst St/Queens Quay(Billy Bishop Airport),35,12,22,43.635492,-79.398253,TRUE,TRUE
7204,College St / Crawford St,19,1,18,43.655,-79.418889,TRUE,TRUE
7205,Rusholme Park Cres / College St,15,5,10,43.65277778,-79.42972222,TRUE,TRUE
7206,Claremont St / Dundas St W,13,0,12,43.651281,-79.411717,TRUE,TRUE
7207,Dundas St W / Crawford St,38,25,13,43.649722,-79.416944,TRUE,TRUE
7208,80 Clinton St,15,12,2,43.656296,-79.414663,TRUE,TRUE
7209,Ossington Ave / Harrison St,19,5,14,43.65111111,-79.42138889,TRUE,TRUE
7210,Mary McCormick Rec Centre (Sheridan Ave),15,11,4,43.6475,-79.43305556,TRUE,TRUE
7211,Fort York Blvd / Garrison Rd,15,1,12,43.637381,-79.406112,TRUE,TRUE
7216,Wellington St W / Stafford St,23,1,22,43.6409957,-79.4096663,TRUE,TRUE
7217,Soho St / Queen St W,15,6,7,43.64964971,-79.39372141,TRUE,TRUE
7220,Lake Shore Blvd W / Ellis Ave,19,18,0,43.635932,-79.465083,TRUE,TRUE
7221,High Park Subway Station,11,0,9,43.6543604,-79.4655296,TRUE,TRUE
7222,Sunnyside - Gus Ryder Pool,27,22,5,43.637894,-79.454823,TRUE,TRUE
7223,Parkside Dr / Bloor St W - SMART,12,4,8,43.654501,-79.460053,TRUE,TRUE
7224,Bloor St W / High Park Ave (High Park),23,10,12,43.6535269,-79.4650569,TRUE,TRUE
7225,Lake Shore Blvd W / Windermere Ave,19,14,2,43.634896,-79.467763,TRUE,TRUE
7226,Lake Shore Blvd W / The Boulevard Club,19,17,2,43.636731,-79.444966,TRUE,TRUE
7227,Martin Goodman Trail (Marilyn Bell Park),31,29,2,43.6314,-79.4304,TRUE,TRUE
7228,King St W / Wilson Park Blvd,19,17,2,43.6372958,-79.4423237,TRUE,TRUE
7229,Dundas St W / Roncesvalles Ave Green P -SMART,12,4,8,43.6534268,-79.4512787,TRUE,TRUE
7230,Garden Ave / Roncesvalles Ave,18,18,0,43.643769,-79.447915,TRUE,TRUE
7231,Wright Ave / Sorauren Ave - SMART,18,14,4,43.646677,-79.442741,TRUE,TRUE
7232,Queen St W  /  Fuller Ave - SMART,16,11,5,43.640255,-79.439223,TRUE,TRUE
7233,King St W / Cowan Ave - SMART,16,5,11,43.637922,-79.431734,TRUE,TRUE
7234,Roncesvalles Ave / Marmaduke St,19,1,17,43.650492,-79.450842,TRUE,TRUE
7235,Bay St / College St (West Side) - SMART,16,10,5,43.660087,-79.385655,TRUE,TRUE
7236,Thompson St / Broadview Ave - SMART,24,9,14,43.659471,-79.350325,TRUE,TRUE
7237,Ward St / Wallace Ave,15,5,10,43.662857,-79.44618,TRUE,TRUE
7238,Sorauren Ave / Geoffrey St - SMART,15,3,11,43.649172,-79.4445087,TRUE,TRUE
7239,Bloor St W / Manning Ave - SMART,42,0,42,43.663912,-79.416124,TRUE,TRUE
7240,Bloor St W / Shaw St - SMART,34,2,32,43.662403,-79.423098,TRUE,TRUE
7241,519 Church St,12,0,12,43.66683342,-79.38120391,TRUE,TRUE
7242,Lake Shore Blvd W / Ontario Dr,35,14,20,43.630254,-79.420317,TRUE,TRUE
7243,Exhibition GO Station,14,4,9,43.6352007,-79.4187711,TRUE,TRUE
7244,Dufferin Gate - SMART,16,1,15,43.633473,-79.425679,TRUE,TRUE
7245,Tecumseth St / Queen St W - SMART,9,4,4,43.646552,-79.406468,TRUE,TRUE
7246,Yonge St / Bloor St,19,6,13,43.669969,-79.386532,TRUE,TRUE
7247,Howard Park Ave / Dundas St W - SMART,12,4,8,43.6521,-79.4486,TRUE,TRUE
7248,Baldwin St / Spadina Ave - SMART,20,15,4,43.654905,-79.398448,TRUE,TRUE
7249,Lakeview Ave / Harrison St (Green P),16,8,8,43.651145,-79.423742,TRUE,TRUE
7250,Ursula Franklin St / St. George St - SMART,16,15,0,43.660296,-79.397107,TRUE,TRUE
7252,Robert St / Bloor St W - SMART,18,1,17,43.665846,-79.404998,TRUE,TRUE
7253,John St  / Mercer St - SMART,12,8,1,43.6461,-79.3895,TRUE,TRUE
7256,Vanauley St / Queen St W - SMART,12,4,7,43.648437,-79.39838,TRUE,TRUE
7257,Dundas St W / St. Patrick St,19,9,9,43.6545174,-79.3895315,TRUE,TRUE
7258,Queen St E / Rushbrooke Ave,15,14,0,43.6626628,-79.3323698,TRUE,TRUE
7259,Lower Spadina Ave / Lake Shore Blvd W,19,8,11,43.638497,-79.39192,TRUE,TRUE
7260,Spadina Ave / Adelaide St W,15,13,2,43.6472019,-79.3953394,TRUE,TRUE
7261,Queens Quay E / Lower Sherbourne St,25,11,13,43.645215,-79.364898,TRUE,TRUE
7262,Wychwood Ave / Benson Ave - SMART,16,0,16,43.6809164,-79.4229684,TRUE,TRUE
7264,Bloor St E / Huntley St - SMART,20,1,16,43.671535,-79.379173,TRUE,TRUE
7265,Wallace Ave / Symington Ave - SMART,12,4,8,43.661324,-79.449534,TRUE,TRUE
7266,Victoria Park Subway Station - SMART,20,0,19,43.6940155,-79.2889842,TRUE,TRUE
7267,Dundas St E / Pembroke St - SMART,16,1,15,43.658295,-79.372346,TRUE,TRUE
7268,111 Bond St (North of Dundas St E)  - SMART,16,5,11,43.656927,-79.378497,TRUE,TRUE
7269,Toronto Eaton Centre (Yonge St) - SMART,20,19,0,43.655431,-79.380653,TRUE,TRUE
7270,Church St / Dundas St E - SMART,20,0,20,43.657024,-79.377257,TRUE,TRUE
7271,Yonge St / Alexander St - SMART,18,2,14,43.662862,-79.383572,TRUE,TRUE
7272,Yonge St / Dundonald St - SMART,12,3,8,43.665801,-79.384796,TRUE,TRUE
7273,Bay St / Charles St W - SMART,20,1,18,43.668153,-79.38891,TRUE,TRUE
7274,Queen's Park Cres E / Grosvenor St - SMART,16,13,3,43.661803,-79.389682,TRUE,TRUE
7276,Bloor St W / Balmuto St,11,5,3,43.66981064,-79.38801107,TRUE,TRUE
7277,Chorley Park - SMART,20,0,20,43.6856,-79.3718,TRUE,TRUE
7278,Mallon Ave / Jones Ave -SMART,16,13,3,43.66587,-79.33443,TRUE,TRUE
7279,Rosehill Ave / Avoca Ave - SMART,0,0,0,43.687999,-79.38906,TRUE,TRUE
7280,Charles St E / Jarvis St - SMART,20,0,18,43.669604,-79.381171,TRUE,TRUE
7281,Charles St W / Balmuto St - SMART,24,0,24,43.668427,-79.38725,TRUE,TRUE
7282,Adelaide St W / Bay St,23,21,1,43.650152,-79.379856,TRUE,TRUE
7283,Front St W / Bay St (South Side),19,17,1,43.64595,-79.378761,TRUE,TRUE
7284,University Ave / King St W - SMART,24,22,1,43.6477785,-79.3847928,TRUE,TRUE
7285,Spadina Ave / Harbord St - SMART,36,7,29,43.6629228,-79.4018451,TRUE,TRUE
7286,Gerrard St E / Broadview Ave  - SMART,18,3,14,43.665656,-79.352055,TRUE,TRUE
7287,Queen St E / Pape Ave - SMART,16,10,6,43.661673,-79.337789,TRUE,TRUE
7288,Humber Bay Shores Park West,31,21,7,43.6224434,-79.480284,TRUE,TRUE
7289,Humber Bay Shores Park East,22,16,4,43.6308933,-79.4722622,TRUE,TRUE
7291,190 Queens Quay E,15,6,7,43.6451308,-79.3653644,TRUE,TRUE
7292,Granby St / Church St - SMART,24,12,11,43.6614605,-79.3789457,TRUE,TRUE
7296,Westmoreland Ave / Fernbank Ave,19,7,10,43.665327,-79.43235,TRUE,TRUE
7297,Havelock St / Dufferin Park,18,1,17,43.657343,-79.43112,TRUE,TRUE
7298,Bathurst St / Adelaide St W,25,1,24,43.645324,-79.40345,TRUE,TRUE
7299,Mill St / Parliament St,15,8,7,43.650256,-79.36163,TRUE,TRUE
7301,Primrose Ave / Davenport Rd,15,0,15,43.67142,-79.445947,TRUE,TRUE
7302,Winona Dr / Davenport Rd,11,3,8,43.674923,-79.430465,TRUE,TRUE
7303,Queen St E / Woodward Ave,19,17,2,43.665269,-79.319796,TRUE,TRUE
7309,Queen St E / Rhodes Ave,23,16,6,43.666224,-79.317693,TRUE,TRUE
7311,Sherbourne St / Isabella St,18,0,17,43.669576,-79.375961,TRUE,TRUE
7312,Amelia St / Sumach St,11,3,8,43.66852,-79.363525,TRUE,TRUE
7313,Lower Coxwell Ave /  Lake Shore Blvd E,15,13,2,43.662771,-79.315223,TRUE,TRUE
7314,Queen St. E / Eastern Ave,15,8,7,43.667208,-79.312315,TRUE,TRUE
7315,Queen St E / Hammersmith Ave,11,6,4,43.671349,-79.29451,TRUE,TRUE
7316,Queen St. E / Spruce Hill Rd.,15,12,3,43.672571,-79.289,TRUE,TRUE
7317,Hubbard Blvd / Balsam Av,19,10,8,43.669328,-79.288949,TRUE,TRUE
7318,Hubbard Blvd / Glen Manor Dr,15,7,7,43.668633,-79.291162,TRUE,TRUE
7319,Lake Shore Blvd E / Knox Ave,11,10,1,43.660206,-79.3244,TRUE,TRUE
7320,Front St W / University Ave (1),19,15,2,43.6451635,-79.3831757,TRUE,TRUE
7321,Front St W / University Ave (2),18,15,0,43.6452972,-79.3827914,TRUE,TRUE
7322,East Liberty St / Western Battery Rd,18,0,18,43.6392777,-79.4115736,TRUE,TRUE
7323,457 King St W,19,9,9,43.6452091,-79.3960744,TRUE,TRUE
7324,King St W / Charlotte St,23,7,16,43.645572,-79.39399,TRUE,TRUE
7326,Davenport Rd / Lansdowne Ave,19,3,16,43.671526,-79.44874,TRUE,TRUE
7327,Davenport Rd / Dovercourt Rd - SMART,16,0,16,43.6741219,-79.4352208,TRUE,TRUE
7329,Crawford St / Queen St W,19,10,7,43.645665,-79.415345,TRUE,TRUE
7331,Coxwell Ave / Plains Rd,19,6,13,43.69595,-79.328535,TRUE,TRUE
7332,200 Bloor St E,23,16,4,43.671561,-79.38117,TRUE,TRUE
7333,King St E / Victoria St,19,17,2,43.6495789,-79.3762096,TRUE,TRUE
7334,Simcoe St / Wellington St W North,15,13,1,43.6462176,-79.3855048,TRUE,TRUE
7335,Bay St / Bloor St W (West Side),19,12,7,43.669244,-79.3894,TRUE,TRUE
7336,Queen St E / Alton Av,19,13,5,43.663912,-79.327987,TRUE,TRUE
7337,Gerrard Square Mall (1010 Gerrard St E),23,6,16,43.668553,-79.338673,TRUE,TRUE
7338,Logan Ave / Bain Ave,19,11,8,43.6720273,-79.3470557,TRUE,TRUE
7339,Carlaw Ave / Strathcona Ave,15,5,9,43.6753188,-79.3462789,TRUE,TRUE
7340,Blake St / Boultbee Ave,15,9,6,43.672453,-79.338259,TRUE,TRUE
7341,Eastern Ave / Winnifred Ave,14,11,2,43.6592088,-79.3348396,TRUE,TRUE
7342,Morse St / Eastern Ave,11,3,6,43.657991,-79.340075,TRUE,TRUE
7343,Alton Ave / Dundas St E (Greenwood Park),23,14,9,43.66745,-79.329408,TRUE,TRUE
7344,Cherry Beach,48,27,16,43.637764,-79.345359,TRUE,TRUE
7345,Cherry Beach Sports Fields (55 Unwin Ave),31,21,9,43.6408346,-79.3429074,TRUE,TRUE
7346,Logan Ave / Gerrard St E,23,5,18,43.6672144,-79.3452697,TRUE,TRUE
7347,Regal Rd / Dufferin St,15,0,15,43.673939,-79.441159,TRUE,TRUE
7348,Pape Ave / Gamble Ave,19,0,18,43.690237,-79.350119,TRUE,TRUE
7349,Gamble Ave / Broadview Ave,23,2,21,43.689211,-79.35438,TRUE,TRUE
7350,Broadview Ave / Westwood Ave,23,9,14,43.6848652,-79.356602,TRUE,TRUE
7351,Pretoria Ave / Broadview Ave,19,3,16,43.6783213,-79.35822,TRUE,TRUE
7352,Cosburn Ave / Donlands Ave,19,11,6,43.690537,-79.341307,TRUE,TRUE
7353,Fulton Ave / Pape Ave,19,0,19,43.68395,-79.347046,TRUE,TRUE
7354,Tommy Thompson Park (Leslie Street Spit),30,25,5,43.65222662,-79.32295441,TRUE,TRUE
7355,Beltline Trail / Chaplin Cres,15,0,15,43.704461,-79.423122,TRUE,TRUE
7356,King St E / Berkeley St,31,24,3,43.651885,-79.3649,TRUE,TRUE
7357,Lake Shore Blvd E / Leslie St,19,18,1,43.659195,-79.329196,TRUE,TRUE
7358,Galbraith Rd / King's College Rd,17,15,1,43.66038745,-79.39537832,TRUE,TRUE
7359,Rosedale Park (20 Scholfield Ave),23,1,21,43.682645,-79.377557,TRUE,TRUE
7360,Concord Ave / Dewson St,17,1,15,43.656945,-79.424911,TRUE,TRUE
7361,Hocken Ave / Vaughan Rd,19,0,18,43.6817346,-79.4184725,TRUE,TRUE
7362,St Clair Ave W / Bathurst St.,19,1,18,43.683296,-79.418734,TRUE,TRUE
7363,Wells Hill Ave / St Clair Ave W,15,6,7,43.683351,-79.41562,TRUE,TRUE
7364,Queen St E / Nursewood Rd,18,17,1,43.673831,-79.281455,TRUE,TRUE
7365,Kewbeach Ave / Kenilworth Ave,23,22,1,43.666325,-79.3014,TRUE,TRUE
7366,Fort York Blvd / Bathurst St - SMART,20,1,19,43.639052,-79.399792,TRUE,TRUE
7367,Alma Ave / Gladstone Ave SMART,15,7,7,43.6448617,-79.42822,TRUE,TRUE
7368,Lisgar St / Dundas St W - SMART,8,4,4,43.6493472,-79.42668,TRUE,TRUE
7371,Eglinton Ave W / Henning Ave SMART,20,6,13,43.7063473,-79.40161,TRUE,TRUE
7373,George St / King St E,15,7,7,43.6509552,-79.3707,TRUE,TRUE
7374,Frederick St / The Esplanade,19,3,16,43.6487245,-79.36839,TRUE,TRUE
7375,Front St E / Scott St,11,7,3,43.6476616,-79.37549,TRUE,TRUE
7376,Frobisher Ave / Lascelles Blvd,19,3,13,43.696708,-79.40045,TRUE,TRUE
7377,Balliol St / Yonge St  SMART,36,29,7,43.6978701,-79.39419,TRUE,TRUE
7378,Yonge St / Davisville Ave,15,1,14,43.6975969,-79.39654,TRUE,TRUE
7379,Lawton Blvd / Yonge St,15,8,6,43.6910667,-79.39535,TRUE,TRUE
7380,Erskine Ave / Yonge St SMART,16,3,13,43.7112153,-79.39894,TRUE,TRUE
7381,Yonge St / Orchard View Blvd,35,23,12,43.7083577,-79.398862,TRUE,TRUE
7383,12 Harbour St,15,7,7,43.6425636,-79.3762,TRUE,TRUE
7384,Cumberland St / Bay St SMART,9,9,0,43.6704537,-79.39014,TRUE,TRUE
7385,20 Charles St E,31,1,12,43.6691099,-79.38551,TRUE,TRUE
7386,D'Arcy St / McCaul St - SMART,15,9,5,43.655227,-79.39201,TRUE,TRUE
7387,Mortimer Ave / Carlaw Ave SMART,12,3,9,43.685167,-79.34962,TRUE,TRUE
7388,Broadview Subway Station,15,4,11,43.6772,-79.35858,TRUE,TRUE
7389,College Park - Gerrard Entrance,25,13,12,43.658938,-79.383518,TRUE,TRUE
7391,Yonge St / Dundas Sq,31,26,3,43.655766,-79.3802,TRUE,TRUE
7395,Dentonia Park,23,0,22,43.694341,-79.291416,TRUE,TRUE
7398,York St / Lake Shore Blvd W,19,9,10,43.641952,-79.380723,TRUE,TRUE
7399,Lower Jarvis St / Queens Quay E,18,15,3,43.64422,-79.36927,TRUE,TRUE
7400,Polson Pier,23,11,11,43.641675,-79.354006,TRUE,TRUE
7403,Lascelles Blvd / Eglinton Ave W,19,15,4,43.70547,-79.40355,TRUE,TRUE
7404,Roehampton Ave / Mount Pleasant Rd,19,3,12,43.70942,-79.39139,TRUE,TRUE
7407,University Ave / Queen St W,18,13,2,43.65052424,-79.38672703,TRUE,TRUE
7409,Isabella St / Church St,27,0,27,43.66834,-79.38235,TRUE,TRUE
7410,Howard St / Rose Ave,19,1,18,43.671278,-79.372127,TRUE,TRUE
7411,Little Norway Park,22,7,15,43.635023,-79.399505,TRUE,TRUE
7412,King St W / Crawford St,23,4,19,43.6417852,-79.4131148,TRUE,TRUE
7414,Keele St / Annette St,15,0,14,43.66402,-79.46418,TRUE,TRUE
7415,Keele St / Vine Ave,23,0,23,43.66686,-79.46526,TRUE,TRUE
7416,Spadina Ave / Blue Jays Way,30,0,29,43.641705,-79.393295,TRUE,TRUE
7417,King St W / Jordan St,11,10,0,43.648928,-79.378623,TRUE,TRUE
7418,College Park - Yonge St Entrance,25,3,21,43.65988,-79.38279,TRUE,TRUE
7420,Barton Ave / Howland Ave - SMART,19,0,17,43.66842,-79.410585,TRUE,TRUE
7422,Tyndall Ave / King St W - SMART,16,4,12,43.638426,-79.429142,TRUE,TRUE
7424,Merton St / Mount Pleasant Rd,23,4,18,43.697819,-79.38786,TRUE,TRUE
7425,The Queensway at South Kingsway,23,19,3,43.63632,-79.47307,TRUE,TRUE
7427,Northern Dancer Blvd / Lake Shore Blvd E,26,16,10,43.663162,-79.309765,TRUE,TRUE
7428,Woodbine Ave / Lake Shore Blvd E,27,20,4,43.665645,-79.304711,TRUE,TRUE
7429,Woodbine Subway Station,15,2,13,43.686442,-79.313404,TRUE,TRUE
7430,Marilyn Bell Park Tennis Court,26,22,1,43.633537,-79.437461,TRUE,TRUE
7431,Gerrard St E / Leslie St,26,19,7,43.669813,-79.3335,TRUE,TRUE
7432,Frederick St / King St E,47,8,39,43.651118,-79.369411,TRUE,TRUE
7433,Dundas St E / Boulton Ave - SMART,16,5,10,43.663148,-79.347938,TRUE,TRUE
7434,91 Via Italia,38,0,32,43.67665014,-79.4450303,TRUE,TRUE
7435,Rushton Rd / St Clair Ave W,11,0,11,43.68114,-79.4277,TRUE,TRUE
7437,Concord Ave / Bloor St W,15,0,15,43.66189,-79.42679,TRUE,TRUE
7438,Gothic Ave / Quebec Ave,19,1,18,43.65389,-79.4675,TRUE,TRUE
7442,Lonsdale Rd / Spadina Rd,13,0,12,43.688526,-79.412903,TRUE,TRUE
7443,Dundas St E / George St,25,3,22,43.6574766,-79.373446,TRUE,TRUE
7444,Clendenan Ave / Rowland St - SMART,20,5,15,43.66073,-79.47149,TRUE,TRUE
7445,Eastwood Rd / Coxwell Ave,19,16,3,43.673118,-79.318651,TRUE,TRUE
7446,Orchard Park,19,12,7,43.66908,-79.3149,TRUE,TRUE
7447,Trent Ave / Danforth Ave,23,1,22,43.689293,-79.295895,TRUE,TRUE
7448,Goodwood Park Crt / Dentonia Park,19,0,18,43.694826,-79.295208,TRUE,TRUE
7449,Cosburn Ave / Cedarvale Ave,15,5,10,43.697139,-79.31469,TRUE,TRUE
7450,Carlaw Ave / Danforth Ave,15,1,13,43.678285,-79.347346,TRUE,TRUE
7451,Western Battery Rd / Pirandello St,30,7,22,43.640075,-79.414156,TRUE,TRUE
7452,Bleecker St / St James Ave,23,5,18,43.669232,-79.374495,TRUE,TRUE
7453,Jarvis St / Maitland Pl,17,0,17,43.6647688,-79.3772602,TRUE,TRUE
7454,Pottery Rd / Lower Don River Trail,15,11,3,43.688148,-79.362101,TRUE,TRUE
7455,E.T. Seton Park (Eglinton Ave E / Leslie St),27,1,25,43.715951,-79.351246,TRUE,TRUE
7457,Queen's Park Cres W / Hoskin Ave,23,6,16,43.665221,-79.394009,TRUE,TRUE
7458,Church St / Lombard St,17,12,4,43.651678,-79.375233,TRUE,TRUE
7459,St Clair Ave W / Winona Dr,11,0,10,43.680466,-79.432522,TRUE,TRUE
7460,High Park Outdoor Pool,26,2,23,43.650154,-79.464934,TRUE,TRUE
7461,High Park Amphitheatre,23,7,16,43.646251,-79.46472,TRUE,TRUE
7462,Richmond St E / Yonge St,17,16,1,43.651838,-79.378743,TRUE,TRUE
7465,Russell Hill Rd / St Clair Ave W,19,7,11,43.685569,-79.408019,TRUE,TRUE
7466,Glendonwynne Rd / Bloor St W,18,8,9,43.65182,-79.47421,TRUE,TRUE
7467,Lower Simcoe St / Bremner Blvd,15,12,1,43.64283,-79.38409,TRUE,TRUE
7468,Front St W / Simcoe St,27,25,1,43.6442,-79.38702,TRUE,TRUE
7469,York St / Wellington St W ,22,18,4,43.646734,-79.38301,TRUE,TRUE
7473,Adelaide St W / Strachan Ave,11,1,10,43.64325309,-79.4123047,TRUE,TRUE
7474,Clarence Square,23,1,21,43.64407,-79.3929,TRUE,TRUE
7475,Jarvis St / Richmond St E,19,12,6,43.652777,-79.372637,TRUE,TRUE
7476,Symington Ave / Dupont St,15,2,11,43.665538,-79.451263,TRUE,TRUE
7477,Antler St / Campbell Ave - SMART,20,4,16,43.664182,-79.449066,TRUE,TRUE
7478,Ellis Ave / The Queensway,19,17,2,43.63855,-79.46693,TRUE,TRUE
7479,Jane St / Bloor St W (Jane Subway Station),15,8,7,43.64976,-79.48477,TRUE,TRUE
7480,Neil McLellan Park,14,4,10,43.65143,-79.47779,TRUE,TRUE
7483,Southwood Dr / Kingston Rd - SMART,12,6,6,43.678685,-79.297974,TRUE,TRUE
7484,Briar Hill Ave / Yonge St - SMART,16,0,15,43.713524,-79.400162,TRUE,TRUE
7486,Gerrard St E / Main St,22,9,13,43.684261,-79.299332,TRUE,TRUE
7487,Eastwood Rd / Woodbine Ave - SMART,16,13,2,43.676216,-79.309395,TRUE,TRUE
7488,Summerhill Ave / Maclennan Ave,10,1,9,43.685924,-79.376304,TRUE,TRUE
7489,Sumach St  / Queen St E,19,0,19,43.656638,-79.358749,TRUE,TRUE
7492,Cherry St / Lake Shore Blvd E,15,15,0,43.64827016,-79.35651734,TRUE,TRUE
7493,Sackville St / Eastern Ave - SMART,12,12,0,43.653809,-79.3595,TRUE,TRUE
7494,Davenport Rd / McAlpine St - SMART,12,0,11,43.673768,-79.391253,TRUE,TRUE
7496,Sunnyside Ave / The Queensway - SMART,19,16,2,43.6397,-79.44865,TRUE,TRUE
7497,128 Sterling Rd - SMART,20,11,8,43.654004,-79.444792,TRUE,TRUE
7501,Humberside Grounds - SMART,20,1,19,43.65917,-79.46997,TRUE,TRUE
7502,University Ave / College St (East),20,20,0,43.65995,-79.38964,TRUE,TRUE
7503,Gerrard St E / Malvern Ave - SMART,19,0,19,43.685221,-79.294766,TRUE,TRUE
7504,Gerrard St E / Victoria Park Ave - SMART,16,1,15,43.686962,-79.286864,TRUE,TRUE
7505,Ontario St / Adelaide St E -SMART,19,1,18,43.6535052,-79.3667689,TRUE,TRUE
7506,Berkeley St / Adelaide St E - SMART,12,7,5,43.653359,-79.365023,TRUE,TRUE
7508,Berkeley St / Dundas St E - SMART,20,10,10,43.658816,-79.367318,TRUE,TRUE
7514,Humber Bay Shores Park / Marine Parade Dr,63,57,4,43.626265,-79.476723,TRUE,TRUE
7515,Amos Waites Park,27,26,1,43.613606,-79.4883535,TRUE,TRUE
7516,Superior Ave / Lake Shore Blvd W,17,12,3,43.6146692,-79.4873148,TRUE,TRUE
7517,Ripley Ave / Ormskirk Ave,23,8,13,43.6390437,-79.4760109,TRUE,TRUE
7518,Lake Shore Blvd W / Colborne Lodge Dr,27,10,16,43.63771,-79.458173,TRUE,TRUE
7519,406 Oakwood Ave,19,0,19,43.6882706,-79.43937767,TRUE,TRUE
7520,St Clarens Ave / Shirley St,15,10,5,43.6486599,-79.4376413,TRUE,TRUE
7521,Emerson Ave / Bloor St W,23,2,20,43.659055,-79.440764,TRUE,TRUE
7522,Wallace Ave / Pauline Ave,17,2,15,43.6632257,-79.4397052,TRUE,TRUE
7523,Lynn Williams St / East Liberty St - SMART,15,12,2,43.638925,-79.4168659,TRUE,TRUE
7524,Lisgar Park,35,1,33,43.6423847,-79.4240277,TRUE,TRUE
7526,Bartlett Parkette,23,3,20,43.6702236,-79.4360232,TRUE,TRUE
7527,Joseph J Piccininni Community Centre,19,1,17,43.675648,-79.4527619,TRUE,TRUE
7528,Spadina Rd / Austin Terrace,17,7,10,43.67883,-79.408723,TRUE,TRUE
7529,Symington Ave / Davenport Rd,15,0,14,43.6704403,-79.4532855,TRUE,TRUE
7530,Sherbourne St N / Elm Ave,23,11,7,43.6752732,-79.3778458,TRUE,TRUE
7531,541 Huron St - SMART,20,1,19,43.670206,-79.402643,TRUE,TRUE
7533,Housey St / Dan Leckie Way,27,11,13,43.63811,-79.397877,TRUE,TRUE
7534,Walnut Ave / Queen St W,15,6,9,43.645469,-79.411084,TRUE,TRUE
7536,Palmerston Ave / Dundas St W,23,1,22,43.651603,-79.408346,TRUE,TRUE
7537,Euclid Ave / Herrick St - SMART,16,1,13,43.661559,-79.413845,TRUE,TRUE
7538,Vaughan Rd /Wychwood Ave,19,0,18,43.6882821,-79.4253856,TRUE,TRUE
7539,Davisville Ave / Pailton Cres,18,9,9,43.69933,-79.39199,TRUE,TRUE
7540,Alvin Ave / St Clair Ave E,19,7,11,43.68871,-79.39264,TRUE,TRUE
7541,Bellwoods Ave / Treford Pl - SMART,20,0,18,43.65246,-79.413528,TRUE,TRUE
7542,Queen St W / John St,23,19,2,43.650077,-79.391291,TRUE,TRUE
7543,Nassau St / Bellevue Ave,15,15,0,43.65484216,-79.40351232,TRUE,TRUE
7545,Baldwin St / Henry St,15,14,0,43.6560758,-79.393259,TRUE,TRUE
7546,Ross St / Cecil St - SMART,18,1,17,43.6568254,-79.3966159,TRUE,TRUE
7547,Orde St / McCaul St,15,6,9,43.6580442,-79.3927404,TRUE,TRUE
7548,St. Joseph St / Bay St - SMART,20,0,19,43.6658804,-79.3876101,TRUE,TRUE
7549,439 Sherbourne St,47,1,46,43.666051,-79.374161,TRUE,TRUE
7552,Lake Shore Blvd W / Thirty Ninth Street,19,19,0,43.5927419,-79.5403301,TRUE,TRUE
7553,Lake Shore Blvd W / Twenty Fourth St,19,5,14,43.597082,-79.522768,TRUE,TRUE
7554,Humber College (Lakeshore Campus),27,7,19,43.5961692,-79.5160575,TRUE,TRUE
7555,Royal York Rd / Mimico Ave,20,9,10,43.612063,-79.496573,TRUE,TRUE
7556,Windsor St / Newcastle St,31,16,15,43.6171635,-79.4971065,TRUE,TRUE
7557,The Queensway / High St,22,22,0,43.630874,-79.482407,TRUE,TRUE
7558,Berry Rd / Bell Manor Dr,19,15,4,43.63732,-79.489083,TRUE,TRUE
7559,Swansea Community Centre,15,8,7,43.6438036,-79.4770327,TRUE,TRUE
7561,Annette St / Jane St,15,2,13,43.658574,-79.487246,TRUE,TRUE
7562,Priscilla Ave / Dundas St W,22,0,22,43.664665,-79.489385,TRUE,TRUE
7563,St Clair Ave W / Castleton Ave,19,2,16,43.668496,-79.485426,TRUE,TRUE
7564,Durie St / Dundas St W,23,0,23,43.665523,-79.484892,TRUE,TRUE
7565,St Clair Ave W / Gunns Rd,23,7,16,43.672079,-79.470171,TRUE,TRUE
7566,Weston Rd / St Clair Ave W - SMART,19,2,17,43.673019,-79.467994,TRUE,TRUE
7567,Weston Lions Park,27,0,26,43.698841,-79.519472,TRUE,TRUE
7568,Jameson Ave / Queen St W,26,8,18,43.63985,-79.43703,TRUE,TRUE
7569,Toronto Inukshuk Park,44,17,27,43.6323994,-79.4097818,TRUE,TRUE
7570,Carlaw Ave / Dundas St E,17,7,9,43.665076,-79.341509,TRUE,TRUE
7571,Highfield Rd / Gerrard St E,19,13,6,43.671771,-79.324961,TRUE,TRUE
7572,Cosburn Ave / Durant Ave,15,3,12,43.6935477,-79.3301658,TRUE,TRUE
7575,Bayview Ave / Lawren Harris Square,15,0,14,43.6548521,-79.3539768,TRUE,TRUE
7576,Front St E / Bayview Avenue,22,6,16,43.6535,-79.354068,TRUE,TRUE
7577,Oak St / Sumach St,27,4,22,43.6617908,-79.361515,TRUE,TRUE
7579,Glebe Rd W / Yonge St,19,4,15,43.7005976,-79.397345,TRUE,TRUE
7580,Hillsdale Ave W / Yonge St,15,7,7,43.7029672,-79.3979073,TRUE,TRUE
7581,High Park Ave / Dundas St W,15,2,13,43.6653032,-79.4701178,TRUE,TRUE
7582,Alameda Ave / Vaughan Rd - SMART,15,0,15,43.690903,-79.4375028,TRUE,TRUE
7583,Eglinton Ave W / Scarlett Rd,22,2,19,43.6834703,-79.5108942,TRUE,TRUE
7584,The Pond Rd / Sentinel Rd,27,2,24,43.7696262,-79.5025943,TRUE,TRUE
7585,Sentinel Rd / Finch Corridor Trail,27,5,20,43.7641485,-79.5012809,TRUE,TRUE
7586,Finch West Subway Station,23,1,20,43.76521,-79.491281,TRUE,TRUE
7587,Dufferin St / Finch Corridor Trail,19,0,19,43.7724019,-79.4675395,TRUE,TRUE
7588,G Ross Lord Park,19,1,17,43.7781116,-79.467963,TRUE,TRUE
7589,Torresdale Ave / Antibes Dr,14,2,12,43.77953,-79.45233,TRUE,TRUE
7590,Esther Shiner Stadium,23,0,22,43.7774374,-79.4447096,TRUE,TRUE
7591,Elwood Blvd / Avenue Rd,23,0,23,43.707049,-79.40966,TRUE,TRUE
7593,Roehampton Ave / Bayview Ave,27,8,17,43.711751,-79.378615,TRUE,TRUE
7594,Fleming Cres / Bayview Ave,15,0,13,43.707045,-79.375437,TRUE,TRUE
7595,Moore Park,15,2,13,43.693256,-79.383238,TRUE,TRUE
7596,Langford Ave / Danforth Ave - SMART,32,11,21,43.6800218,-79.3405681,TRUE,TRUE
7597,Yonge St / Golfdale Rd,15,2,13,43.732016,-79.403637,TRUE,TRUE
7598,Teddington Park Ave,15,5,10,43.732975,-79.40401,TRUE,TRUE
7599,Richmond St W / York St,16,14,1,43.650745,-79.383633,TRUE,TRUE
7600,Ursula Franklin St / Huron St - SMART,20,19,0,43.660274,-79.398049,TRUE,TRUE
7601,Brick Works,25,12,12,43.683884,-79.36647,TRUE,TRUE
7602,Woodbine Ave / O'Connor Dr,19,2,16,43.699281,-79.318802,TRUE,TRUE
7603,O'Connor Dr / Curity Ave - Smart,14,1,8,43.707582,-79.311439,TRUE,TRUE
7604,St Columba Pl / St Clair Ave E,19,5,14,43.70567,-79.310554,TRUE,TRUE
7605,Lumsden Ave / Eastdale Ave,20,0,19,43.69413548,-79.30058719,TRUE,TRUE
7606,Dawes Rd / Taylor Creek Trl,19,0,17,43.696631,-79.297436,TRUE,TRUE
7607,Fairmount Park,19,15,3,43.6765897,-79.3163022,TRUE,TRUE
7608,Wilket Creek Park,27,5,21,43.720645,-79.355474,TRUE,TRUE
7609,Sunnybrook Park,27,6,20,43.720233,-79.362092,TRUE,TRUE
7610,Kingston Rd / Beech Ave,15,12,3,43.680095,-79.291714,TRUE,TRUE
7611,Victoria Park Ave / Danforth Ave,19,3,15,43.691468,-79.288619,TRUE,TRUE
7612,Livingston Rd / Guildwood Pkwy,19,3,16,43.747854,-79.199327,TRUE,TRUE
7613,Livingston Rd (Highland Creek Trail),19,4,15,43.7561681,-79.2026694,TRUE,TRUE
7614,Morningside Park (Highland Creek Trail),23,2,18,43.779353,-79.193023,TRUE,TRUE
7615,Colonel Danforth Park,19,8,7,43.7777114,-79.1659711,TRUE,TRUE
7616,Waterfront Trail (Rouge Hill),19,7,1,43.778015,-79.131911,TRUE,TRUE
7617,Starspray Blvd / Lawrence Ave E,19,11,6,43.78852521,-79.12318448,TRUE,TRUE
7618,Vaughan Rd / Oakwood Ave,19,0,19,43.6926825,-79.441042,TRUE,TRUE
7619,Braemar Ave / Eglinton Ave W,14,2,11,43.7041957,-79.4094472,TRUE,TRUE
7620,Eglinton Ave E / Redpath Ave,30,18,9,43.7078691,-79.39248,TRUE,TRUE
7622,Marie Curtis Park,23,5,18,43.5880774,-79.5432067,TRUE,TRUE
7623,Royal York Rd / Lake Shore Blvd W,19,6,11,43.6029904,-79.4926867,TRUE,TRUE
7624,Guildwood GO Station (South),11,8,2,43.754978,-79.1971289,TRUE,TRUE
7625,Yonge St / Lawrence Ave E,23,8,13,43.7254665,-79.4011545,TRUE,TRUE
7626,Rouge Hill GO Station,25,23,2,43.7805505,-79.1301203,TRUE,TRUE
7627,Shaw St / Essex St - SMART,15,0,15,43.667076,-79.425116,TRUE,TRUE
7629,Lundy Ave / tienne Br,15,9,6,43.6625395,-79.5030161,TRUE,TRUE
7630,Twelfth St / Thirteenth St,23,12,7,43.6002896,-79.5108692,TRUE,TRUE
7631,Florence Gell Park,15,13,2,43.6615467,-79.498398,TRUE,TRUE
7632,Chiltern Hill Rd / Eglinton Ave W,17,0,13,43.7004017,-79.4275305,TRUE,TRUE
7633,Noble St / Queen St W,15,7,7,43.6424558,-79.4296346,TRUE,TRUE
7635,Runnymede Rd / Annette St,15,5,10,43.6596299,-79.4799176,TRUE,TRUE
7636,Bloor St W / Riverside Dr,23,4,19,43.647663,-79.487583,TRUE,TRUE
7637,Judson St / Royal York Rd,19,11,8,43.6162721,-79.4990363,TRUE,TRUE
7639,135 Queens Wharf Rd - SMART,15,2,13,43.6399714,-79.399404,TRUE,TRUE
7640,Spadina Rd / St.Clair Ave West,15,6,9,43.683979,-79.410657,TRUE,TRUE
7641,Annette St / Dundas St W,15,0,14,43.6641174,-79.4588522,TRUE,TRUE
7642,Yonge St / St Clair Ave,19,14,3,43.6885046,-79.3940052,TRUE,TRUE
7643,Oriole Pkwy / Kilbarry Rd,19,4,14,43.6954486,-79.4026176,TRUE,TRUE
7644,East Lynn Ave / Danforth Ave,15,1,13,43.6850809,-79.3149901,TRUE,TRUE
7645,University of Toronto Scarborough,16,0,16,43.7842419,-79.1849889,TRUE,TRUE
7646,University Ave / Richmond St W,15,14,1,43.64981903,-79.3864127,TRUE,TRUE
7647,Elm St/ University Ave (East Side),17,9,8,43.656373,-79.3878104,TRUE,TRUE
7650,St Clair West Subway Station - Heath Entrance,22,0,21,43.686352,-79.415894,TRUE,TRUE
7654,Bloor St W / Pacific Ave,7,2,5,43.6541245,-79.4636388,TRUE,TRUE
7655,Danforth Ave / Dewhurst Blvd,15,2,13,43.680207,-79.339243,TRUE,TRUE
7656,Bloor St W / Brock Ave,10,4,6,43.6589882,-79.438715,TRUE,TRUE
7657,1 Market St - SMART,20,3,12,43.6469928,-79.3706665,TRUE,TRUE
7658,King's Mill Park,27,4,20,43.64920407,-79.49336334,TRUE,TRUE
7659,Amroth Ave / Danforth Ave,19,2,16,43.6856128,-79.3116827,TRUE,TRUE
7660,285 Victoria St,39,29,10,43.656633,-79.379625,TRUE,TRUE
7662,Beaty Ave / Queen St W,19,12,7,43.6393107,-79.4408141,TRUE,TRUE
7663,Kilgour Rd / Rumsey Rd,17,6,8,43.718039,-79.371914,TRUE,TRUE
7664,Sunnybrook Health Centre - L Wing,15,8,7,43.72268,-79.37644,TRUE,TRUE
7665,Sunnybrook Health Centre - S Wing,11,10,1,43.720998,-79.377456,TRUE,TRUE
7666,Dundas St W / St Helen's Ave - SMART,26,4,22,43.6504218,-79.4407647,TRUE,TRUE
7667,Spadina Ave / Sussex Ave - SMART,34,0,33,43.664028,-79.4029787,TRUE,TRUE
7668,Simcoe St / Dundas St W - SMART,20,7,10,43.655103,-79.389295,TRUE,TRUE
7670,Yonge St / Woburn Ave - SMART,12,1,10,43.7281464,-79.4032194,TRUE,TRUE
7671,Yonge St / Montgomery Ave - SMART,12,5,6,43.7096086,-79.39915125,TRUE,TRUE
7675,1525 Dundas St W,15,8,6,43.64957,-79.432446,TRUE,TRUE
7676,York University (Glendon Campus) - SMART,16,9,7,43.72736549,-79.38142546,TRUE,TRUE
7677,1303 Yonge St - SMART,16,0,13,43.6846177,-79.3924592,TRUE,TRUE
7678,York University Station (South) - SMART,16,1,14,43.77345,-79.5002,TRUE,TRUE
7679,York University Station (North),15,0,15,43.7741,-79.5005,TRUE,TRUE
7680,Princes' Blvd / Nunavut Rd,19,2,17,43.63335235,-79.41436313,TRUE,TRUE
7681,25 Booth Ave,24,19,3,43.6544839,-79.341057,TRUE,TRUE
7682,Bathurst St / Front St W,35,4,30,43.6413479,-79.4013882,TRUE,TRUE
7684,Bay St / Harbour St (East),23,17,6,43.64215,-79.377,TRUE,TRUE
7685,King St W / Brant St,21,8,11,43.645102,-79.3974498,TRUE,TRUE
7686,Lower Jarvis St / The Esplanade,15,12,3,43.6478206,-79.3704721,TRUE,TRUE
7687,Bloor St W / Gladstone Ave - SMART,10,0,9,43.6602021,-79.4342726,TRUE,TRUE
7688,High Park Blvd / Parkside Dr,15,12,2,43.644887,-79.4564117,TRUE,TRUE
7691,Christie St / Dupont St,19,3,16,43.67168,-79.421192,TRUE,TRUE
7692,85 Lee Ave,26,21,3,43.6700692,-79.2971326,TRUE,TRUE
7693,Mutual St / Shuter St (Arena Gardens),19,3,15,43.6559476,-79.3755883,TRUE,TRUE
7694,Victoria Park Ave / Dawes Rd,19,6,13,43.706466,-79.29511,TRUE,TRUE
7695,Queen St E / Joseph Duggan Rd,19,19,0,43.6677628,-79.3081171,TRUE,TRUE
7696,Heyworth Cres / Kingston Rd,19,19,0,43.6750806,-79.3068697,TRUE,TRUE
7698,St Clair Ave W / Caledonia Rd,14,1,11,43.6754247,-79.4547813,TRUE,TRUE
7699,St Clair Ave W / Oakwood Ave,15,0,15,43.678177,-79.435364,TRUE,TRUE
7700,St Clair Ave W / Robina Ave,15,0,14,43.68005,-79.43469,TRUE,TRUE
7701,Roncesvalles Ave / Fermanagh Ave,19,13,5,43.64631447,-79.44879407,TRUE,TRUE
7702,111 Broadview Ave,18,2,11,43.6593483,-79.3499366,TRUE,TRUE
7703,Oak St / Sackville St,18,5,13,43.6613642,-79.3641171,TRUE,TRUE
7704,24 Mountjoy Ave,19,4,14,43.6808774,-79.3304491,TRUE,TRUE
7705,Colgate Ave / Carlaw Ave,19,17,2,43.6623658,-79.3413344,TRUE,TRUE
7706,Felstead Ave/Gillard Ave (Monarch Park),27,12,15,43.6791345,-79.3263159,TRUE,TRUE
7707,Coronation Park (Martin Goodman Trail),19,4,13,43.635007,-79.403341,TRUE,TRUE
7708,101 Cedarvale Ave,27,8,0,43.6868681,-79.3110942,TRUE,TRUE
7709,Beltline Trail / Yonge St,23,4,18,43.6962302,-79.3950434,TRUE,TRUE
7710,11 Spadina Rd,18,0,11,43.6677246,-79.4041365,TRUE,TRUE
7711,Havelock St / Dewson St,15,9,6,43.6554793,-79.4302462,TRUE,TRUE
7712,Queen St W / Shaw St,22,18,3,43.6442457,-79.4161044,TRUE,TRUE
7713,Temperance St / Bay St,23,23,0,43.6506,-79.381285,TRUE,TRUE
7715,Lumsden Ave / Cedarvale Ave,11,0,11,43.693187,-79.314283,TRUE,TRUE
7716,Church St / The Esplanade,19,9,8,43.6469251,-79.3733192,TRUE,TRUE
7717,Niagara St / Portland St,11,2,8,43.6425791,-79.4001173,TRUE,TRUE
7718,St. Andrew's Playground Park,11,8,3,43.646552,-79.399586,TRUE,TRUE
7719,Wolseley St / Augusta Ave,28,1,27,43.6484201,-79.4005192,TRUE,TRUE
7720,King St W / Portland St - SMART,32,7,25,43.644395,-79.4006543,TRUE,TRUE
7721,Widmer St / King St W,11,2,7,43.6463574,-79.391206,TRUE,TRUE
7724,Wellesley St E / Parliament St,15,0,14,43.6682342,-79.3702641,TRUE,TRUE
7725,Yonge St / Macpherson Ave,15,5,9,43.6791876,-79.390719,TRUE,TRUE
7728,Randolph Ave / Perth Ave,19,3,16,43.6585504,-79.4497659,TRUE,TRUE
7729,265 Armadale Ave,42,20,11,43.6501644,-79.4829691,TRUE,TRUE
7730,800 Fleet St (South),43,24,6,43.63670985,-79.40880518,TRUE,TRUE
7731,Victoria Park Ave / Kingston Rd,15,11,4,43.68035,-79.28357,TRUE,TRUE
7732,Kingston Rd / Warden Ave,15,14,0,43.68824136,-79.27046628,TRUE,TRUE
7733,Pharmacy Ave / Danforth Ave,15,3,12,43.6929478,-79.2833998,TRUE,TRUE
7734,Danforth Ave / Warden Ave,15,0,14,43.6950192,-79.2718066,TRUE,TRUE
7735,Birchcliff Ave / Kingston Rd,15,11,3,43.691688,-79.265027,TRUE,TRUE
7736,Birchmount Rd / Kingston Rd,15,12,3,43.69401298,-79.26257205,TRUE,TRUE
7737,Kingston Rd / Glen Everest Rd,15,9,6,43.69749005,-79.25655146,TRUE,TRUE
7738,Highview Ave / Kennedy Rd,15,1,14,43.70241858,-79.25631671,TRUE,TRUE
7739,Kingston Rd / Ridgemoor Ave,11,3,8,43.70643614,-79.25104443,TRUE,TRUE
7740,Sharpe St / Park St (Sandown Park),15,0,15,43.7105975,-79.2541175,TRUE,TRUE
7741,Howard Park Ave / Parkside Dr,15,9,5,43.648657,-79.458111,TRUE,TRUE
7742,Eglinton Ave W / Prospect Cemetery,19,13,6,43.69415,-79.4578258,TRUE,TRUE
7743,Eglinton Ave W / Gilbert Ave,19,0,19,43.6926325,-79.4627536,TRUE,TRUE
7744,Rogers Rd / Prospect Cemetery,23,0,21,43.68323,-79.455765,TRUE,TRUE
7745,Bert Robinson Park,15,1,14,43.688028,-79.460265,TRUE,TRUE
7746,Marlee Ave / York Beltline Trail,19,0,18,43.70163,-79.44099,TRUE,TRUE
7747,Eglinton Ave W / Ennerdale Rd,14,7,6,43.69466,-79.45377,TRUE,TRUE
7748,Bloor St W / Old Mill Trl,19,9,9,43.6501687,-79.4963345,TRUE,TRUE
7749,Wendover Rd / Bloor St W (Green P),15,5,10,43.6492,-79.50602,TRUE,TRUE
7750,Luttrell Ave / Danforth Ave,15,0,15,43.6897656,-79.2939525,TRUE,TRUE
7751,Willingdon Blvd / Bloor St W (Green P),15,5,9,43.64817,-79.510392,TRUE,TRUE
7752,1926 Lake Shore Blvd W,23,19,3,43.6357643,-79.4674917,TRUE,TRUE
7753,36 Park Lawn Rd,14,9,5,43.6236917,-79.4838132,TRUE,TRUE
7754,Walter Saunders Park,15,1,14,43.69932707,-79.44936304,TRUE,TRUE
7755,Park Lawn Rd / Berry Rd,15,6,8,43.6356059,-79.4934616,TRUE,TRUE
7756,Tobermory Dr / Finch Corridor Trail,19,0,19,43.7611741,-79.5114452,TRUE,TRUE
7757,The Well,18,5,9,43.64302506,-79.39430138,TRUE,TRUE
7758,Driftwood Ave / Finch Corridor Trail,19,2,17,43.7603624,-79.5162777,TRUE,TRUE
7759,The Pond Rd / Shoreham Dr,15,7,7,43.772445,-79.511912,TRUE,TRUE
7760,Grand Avenue Park,23,18,5,43.62313,-79.4918,TRUE,TRUE
7761,Moss Park,15,7,7,43.655972,-79.370638,TRUE,TRUE
7762,College St / Henry St ,13,9,1,43.6591529,-79.3947953,TRUE,TRUE
7765,St. John's Rd / Dundas St W,15,2,13,43.66526762,-79.47502123,TRUE,TRUE
7766,Albany Ave / Bloor St W,15,0,14,43.66554144,-79.41010318,TRUE,TRUE
7767,Pioneer Village Subway Station,11,0,10,43.77649016,-79.50853649,TRUE,TRUE
7768,Armoury St / Chestnut St,14,13,1,43.653518,-79.38591064,TRUE,TRUE
7769,Lake Shore Blvd W / Brow Dr,15,12,3,43.59141,-79.5441819,TRUE,TRUE
7770,Spadina Ave / Sullivan St,23,19,4,43.65082786,-79.396981,TRUE,TRUE
7771,St. Clair Ave W / Osler St,11,0,10,43.67384356,-79.46092619,TRUE,TRUE
7772,Simcoe St / King St W,15,14,0,43.64750835,-79.38604437,TRUE,TRUE
7773,Grenoble Dr / Gateway Blvd,14,1,13,43.71513211,-79.33413623,TRUE,TRUE
7774,Grenoble Dr / Deauville Ln,15,1,14,43.71649676,-79.3308944,TRUE,TRUE
7775,Grenoble Dr / Vendome Pl,11,2,7,43.715538,-79.32811428,TRUE,TRUE
7776,Ferrand Dr / Rochefort Dr,19,3,14,43.71963254,-79.33199951,TRUE,TRUE
7777,Thorncliffe Park Dr / Leaside Park Trail,15,1,14,43.70400405,-79.34807015,TRUE,TRUE
7778,75 Thorncliffe Park Dr,9,0,8,43.70518328,-79.3422473,TRUE,TRUE
7779,165 McRae Dr,15,0,15,43.7065616,-79.36781965,TRUE,TRUE
7780,Mount Pleasant Rd / Davisville Ave - SMART,16,10,4,43.70088226,-79.38736017,TRUE,TRUE
7781,St Clair Ave W / Avenue Rd ,15,0,14,43.68688938,-79.40099513,TRUE,TRUE
7782,Downsview Park Subway Station - SMART,20,0,17,43.753107,-79.479626,TRUE,TRUE
7783,60 Carl Hall Rd - SMART,20,2,18,43.7482972,-79.4757057,TRUE,TRUE
7784,Downsview Park Blvd / Keele St  - SMART,18,1,14,43.73673829,-79.48227196,TRUE,TRUE
7785,Keele St / Dovehouse Ave - SMART,16,1,15,43.7494501,-79.4869662,TRUE,TRUE
7787,HTO Park West,31,19,10,43.63737146,-79.38976959,TRUE,TRUE
7788,Queens Quay E / Lower Jarvis St ,23,11,8,43.64392767,-79.36873017,TRUE,TRUE
7789,75 Holly St,23,9,2,43.7063279,-79.3962499,TRUE,TRUE
7790,Lynn Williams St / Pirandello St ,17,1,16,43.63912451,-79.41423167,TRUE,TRUE
7791,Ossington Ave / Bruce St,14,10,3,43.64570237,-79.41933192,TRUE,TRUE
7792,Gladstone Ave / Queen St W,15,2,11,43.64314139,-79.42728016,TRUE,TRUE
7794,York St / Harbour St (Love Park),15,13,2,43.640741,-79.3798521,TRUE,TRUE
7796,Dundas St E / River St,19,0,16,43.661152,-79.358505,TRUE,TRUE
7798,Shuter St/River St,15,0,14,43.659296,-79.358035,TRUE,TRUE
7799,Danforth Ave / Danforth Rd,15,3,11,43.69362207,-79.2771053,TRUE,TRUE
7800,Brimley Rd / McCowan District Park,19,5,14,43.72704086,-79.24391402,TRUE,TRUE
7801,Parkcrest Dr / Kingston Rd,15,0,15,43.73596719,-79.21995221,TRUE,TRUE
7802,King St W / Jameson Ave - SMART,12,0,12,43.63735796,-79.43617976,TRUE,TRUE
7803,Scarborough Soccer Centre,19,2,17,43.7154661,-79.2876595,TRUE,TRUE
7804,Lansdowne Ave / Seaforth Ave ,12,11,1,43.6429044,-79.43746059,TRUE,TRUE
7805,Pharmacy Ave / Teesdale Pl,19,1,18,43.69735608,-79.28528711,TRUE,TRUE
7806,Danforth Rd / Birchmount Rd ,15,0,15,43.70688,-79.26851,TRUE,TRUE
7807,552 Birchmount Rd,15,0,15,43.71176279,-79.27028153,TRUE,TRUE
7808,Eastgate Cres / Pharmacy Ave ,15,3,12,43.71104424,-79.29127314,TRUE,TRUE
7809,Firvalley Ct / Warden Ave,19,2,17,43.7032112,-79.2787149,TRUE,TRUE
7810,Avenue Rd / Cumberland St ,14,13,0,43.6698217,-79.39444615,TRUE,TRUE
7811,Midland Ave / Kingston Rd,17,0,16,43.7128578,-79.2487086,TRUE,TRUE
7812,Bellamy Rd S / Kingston Rd,19,2,15,43.73232779,-79.2249662,TRUE,TRUE
7813,Yonge St / Merton St ,23,20,2,43.69627507,-79.39629396,TRUE,TRUE
7814,Fenwood Ht / Kingston Rd,15,2,13,43.7269017,-79.22920397,TRUE,TRUE
7815,Avenue Rd / Macpherson Ave ,15,1,13,43.67794376,-79.39836279,TRUE,TRUE
7816,Bay St / Dundas St W,55,32,20,43.65535078,-79.38345967,TRUE,TRUE
7817,Shaw St / King St W,15,1,13,43.64125616,-79.41502994,TRUE,TRUE
7818,Soudan Ave / Yonge St ,19,14,4,43.7043096,-79.3972815,TRUE,TRUE
7819,Avenue Rd / Oxton Ave ,15,2,12,43.6971116,-79.40537298,TRUE,TRUE
7820,1612 Danforth Ave ,15,5,10,43.68370788,-79.32262454,TRUE,TRUE
7821,Lisgar St / Queen St W - SMART,20,0,20,43.64299174,-79.42355912,TRUE,TRUE
7822,Leslie St / Commissioners St  ,19,14,3,43.6572755,-79.32661544,TRUE,TRUE
7823,Greenwood Ave / Sammon Ave,11,2,8,43.68698673,-79.33478198,TRUE,TRUE
7824,Warden Subway Station,19,1,18,43.71161098,-79.28055566,TRUE,TRUE
7825,Kingston Rd / Scarborough Golf Club Rd,14,1,13,43.74531104,-79.20970651,TRUE,TRUE
7826,Greenwood Ave / Gerrard St E,15,10,5,43.67036918,-79.32782699,TRUE,TRUE
7827,Chatham Ave / Byron Ave,15,3,12,43.67986783,-79.33424614,TRUE,TRUE
7828,Wakunda Pl / O'Connor Dr,10,0,9,43.71602024,-79.30470925,TRUE,TRUE
7829,Tiago Ave / Westview Blvd,15,0,14,43.71101622,-79.30675744,TRUE,TRUE
7830,Plaxton Dr / St Clair Ave E,15,1,12,43.70751756,-79.30252066,TRUE,TRUE
7831,Victoria Park Ave / Edge Park Ave,18,2,16,43.71767868,-79.2996158,TRUE,TRUE
7832,Finch Subway Station ,19,2,14,43.78187716,-79.41528503,TRUE,TRUE
7833,Glencairn Subway Station,15,0,15,43.70925764,-79.44169105,TRUE,TRUE
7834,Glen Long Community Centre,15,1,13,43.70820993,-79.45627809,TRUE,TRUE
7835,Caledonia Rd / Lotherton Pathway,19,0,18,43.70756437,-79.46571475,TRUE,TRUE
7836,Harvie Ave / Rogers Rd,19,0,18,43.68402031,-79.45297885,TRUE,TRUE
7837,Ling Rd / Morningside Ave,19,12,6,43.76666382,-79.18521765,TRUE,TRUE
7838,Lake Shore Blvd W / Legion Rd,19,15,4,43.62052631,-79.48320224,TRUE,TRUE
7839,Lake Shore Blvd W / Seventeenth St,11,9,1,43.59841926,-79.51561102,TRUE,TRUE
7840,Mabelle Park,15,4,10,43.64538948,-79.52768222,TRUE,TRUE
7841,Islington Subway Station (Aberfoyle Cres),15,0,14,43.64565859,-79.52339939,TRUE,TRUE
7842,Lake Shore Blvd W / Long Branch Ave,11,6,3,43.59445833,-79.53387391,TRUE,TRUE
7843,Uno Dr / The Queensway,15,13,0,43.6264933,-79.50358168,TRUE,TRUE
7844,Second St / Lake Shore Blvd W,15,5,8,43.60191488,-79.49941889,TRUE,TRUE
7845,Sixth St / Lake Shore Blvd W,15,11,3,43.60116229,-79.50416047,TRUE,TRUE
7846,Bloor St W / Dundas St W (2),15,7,6,43.64285245,-79.53199489,TRUE,TRUE
7848,Gerrard St E / Nasmith Ave ,22,13,8,43.66273619,-79.36253101,TRUE,TRUE
7849,Viewmount Park,15,0,14,43.70735573,-79.43723072,TRUE,TRUE
7850,Maud St / Adelaide St W,15,1,13,43.64601457,-79.39960498,TRUE,TRUE
7851,Keele St / Ingram Dr,13,0,11,43.69870695,-79.47565865,TRUE,TRUE
7852,York Recreation Centre,23,6,16,43.68815308,-79.4821979,TRUE,TRUE
7853,Trethewey Dr / Black Creek Dr,15,0,15,43.6954984,-79.48809394,TRUE,TRUE
7854,Jane St / Haney Ave,19,5,14,43.67434571,-79.49484378,TRUE,TRUE
7855,Scarlett Rd / Eileen Ave,15,2,12,43.66851091,-79.50076484,TRUE,TRUE
7856,Scarlett Rd / Old Scarlett Rd ,15,4,11,43.67827631,-79.50667332,TRUE,TRUE
7857,Eglinton Ave W / Venn Cres,19,1,18,43.69143921,-79.46908635,TRUE,TRUE
7858,Rogers Rd / Bicknell Ave,23,4,19,43.68189526,-79.47363824,TRUE,TRUE
7859,Mallaby Park ,15,1,13,43.70619109,-79.53262796,TRUE,TRUE
7860,Cruickshank Park,15,1,13,43.70238607,-79.52594758,TRUE,TRUE
7861,Emmett Ave,19,1,17,43.68735514,-79.50623314,TRUE,TRUE
7862,Jane St / Weston Rd,15,0,14,43.69144464,-79.50154584,TRUE,TRUE
7863,Jane St / Queens Dr,15,1,13,43.70673805,-79.50477544,TRUE,TRUE
7864,Sussex Ave / St George St,15,8,7,43.66530428,-79.39938264,TRUE,TRUE
7865,2700 Eglinton Ave W,43,13,26,43.69074601,-79.47820143,TRUE,TRUE
7866,697 Lansdowne Ave ,23,1,17,43.65922184,-79.4427741,TRUE,TRUE
7867,15 Price St ,15,11,1,43.67994778,-79.38994814,TRUE,TRUE
7868,Sheppard Ave W / Chesswood Dr,19,0,16,43.75558397,-79.47446033,TRUE,TRUE
7869,Sentinel Rd / Sheppard Ave W,15,0,14,43.74386581,-79.49181654,TRUE,TRUE
7870,Humber River Hospital ,15,1,14,43.72537884,-79.48719674,TRUE,TRUE
7871,Jane St / Lawrence Ave W,14,0,14,43.70234022,-79.5034739,TRUE,TRUE
7872,Keele St / Catford Rd,15,0,13,43.75919331,-79.49001047,TRUE,TRUE
7873,Sentinel Rd / Finch Ave W,15,1,12,43.76073964,-79.50002731,TRUE,TRUE
7874,The Pond Rd / Ian Macdonald Blvd,15,0,13,43.77086729,-79.49812991,TRUE,TRUE
7875,Oakdale Community Centre,15,4,7,43.74751496,-79.51325699,TRUE,TRUE
7876,Jane St / Yewtree Blvd,15,1,14,43.75531729,-79.51704708,TRUE,TRUE
7877,Jane St / Yorkwoods Gt,15,8,7,43.7503017,-79.51577557,TRUE,TRUE
7878,Weston Rd / Sheppard Ave W,15,3,11,43.73262849,-79.53819932,TRUE,TRUE
7879,Weston Rd / Lanyard Rd,10,1,6,43.748713,-79.541808,TRUE,TRUE
7880,Lindylou Rd / Lanyard Rd,15,1,13,43.74845421,-79.550404,TRUE,TRUE
7881,Queens Quay E / Merchants' Wharf,27,14,12,43.64643026,-79.36181632,TRUE,TRUE
7882,Tangiers Rd / Finch Ave W,15,0,15,43.76376964,-79.48809243,TRUE,TRUE
7883,Wynford Heights Cres / Concorde Pl,11,1,9,43.72749778,-79.32714222,TRUE,TRUE
7884,Bartley Park ,15,3,11,43.72211166,-79.30864831,TRUE,TRUE
7885,Brooklawn Ave / Kingston Rd,11,8,1,43.7217614,-79.23591372,TRUE,TRUE
7886,Jane St / Finch Ave W,15,0,14,43.75929228,-79.51837415,TRUE,TRUE
7887,800 Fleet St (North),43,9,12,43.63682856,-79.4088416,TRUE,TRUE
7888,The Kingsway / Ashley Rd,15,1,12,43.66279594,-79.51959828,TRUE,TRUE
7889,Dundas St W / Prince Edward Dr N,19,0,18,43.66032427,-79.5115435,TRUE,TRUE
7890,60 Broadway Ave,14,0,13,43.7102443,-79.39578745,TRUE,TRUE
7891,Opposite 1103 Leslie St,19,2,16,43.72093165,-79.34989416,TRUE,TRUE
7892,Erskine Ave / Redpath Ave,15,8,5,43.71215479,-79.39425906,TRUE,TRUE
7893,Overlea Blvd / Thorncliffe Park Dr,19,1,17,43.70755597,-79.34272024,TRUE,TRUE
7894,Millwood Rd / Southvale Dr,15,2,10,43.70241717,-79.36175933,TRUE,TRUE
7895,Keele St / Lloyd Ave,15,0,14,43.67115533,-79.46701598,TRUE,TRUE
7896,Arlington Parkette,15,0,13,43.69105005,-79.43281746,TRUE,TRUE
7897,50 Overlea Blvd,15,8,6,43.707225,-79.345324,TRUE,TRUE
7898,University Ave / Gerrard St W - SMART(South),16,14,2,43.65748153,-79.38921396,TRUE,TRUE
7899,Queens Park Cres / College St ,23,22,0,43.66018128,-79.39083272,TRUE,TRUE
7900,Simcoe St / Elm St,10,6,2,43.65603884,-79.38970388,TRUE,TRUE
7901,Bloor St W / Kingsmill Rd,11,5,6,43.6492789,-79.50312996,TRUE,TRUE
7902,Gunns Rd / Lavender Creek Trail,15,0,15,43.67553197,-79.4719974,TRUE,TRUE
7903,St Clair Ave W / Symes Rd,15,0,14,43.67004213,-79.47894248,TRUE,TRUE
7904,Palmerston Blvd / Lennox St,10,6,4,43.66335071,-79.41312798,TRUE,TRUE
7906,Princess St / Front St E,14,1,13,43.65029757,-79.3664846,TRUE,TRUE
7907,365 Lippincott St,40,7,32,43.6649482,-79.40947,TRUE,TRUE
7909,E.T Seton Park - South ,23,5,16,43.70503462,-79.33547292,TRUE,TRUE
7910,Eglinton Ave E / Brentcliffe Rd,15,6,9,43.71430579,-79.36089045,TRUE,TRUE
7911,King St W / York St (2),19,17,1,43.64796882,-79.38316961,TRUE,TRUE
7912,Joe Shuster Way / King St W ,19,0,19,43.64039672,-79.42374241,TRUE,TRUE
7913,St. George St / Willcocks St,23,18,4,43.66245274,-79.39783842,TRUE,TRUE
7914,York St / Wellington St W (2),27,11,14,43.64704306,-79.38314121,TRUE,TRUE
7915,Rogers Rd / Watt Ave,15,2,12,43.6823368,-79.4680594,TRUE,TRUE
7916,University Ave / Pearl St ,17,17,0,43.6484302,-79.3855656,TRUE,TRUE
7917,King St W / University Ave,18,14,2,43.64781809,-79.38427999,TRUE,TRUE
7918,Albion Rd/ Arcot Blvd,14,6,4,43.72762171,-79.55254903,TRUE,TRUE
7919,Armel Ct / Albion Rd,17,0,15,43.72153297,-79.54558348,TRUE,TRUE
7920,75 Tandridge Cres,15,13,2,43.72957827,-79.54699794,TRUE,TRUE
7921,Islington Ave / Finch Ave W,15,0,13,43.74445258,-79.56824986,TRUE,TRUE
7922,35 Erindale Ave,23,0,21,43.67729,-79.35741,TRUE,TRUE
7923,Trethewey Dr / Jane St,19,0,18,43.69741707,-79.50079831,TRUE,TRUE
7924,Duncan St / Adelaide St W - SMART,12,11,0,43.64809661,-79.38864543,TRUE,TRUE
7925,Niagara St / King St W - SMART,24,7,16,43.6428637,-79.4071306,TRUE,TRUE
7926,McRae Dr / Laird Dr - SMART,24,3,19,43.70979297,-79.36389214,TRUE,TRUE
7927,Strachan Ave / East Liberty St - SMART,24,1,21,43.6390647,-79.41080996,TRUE,TRUE
7928,Simcoe St / Pullan Pl,31,3,28,43.6510529,-79.38764943,TRUE,TRUE
7929,Spadina Ave / Bulwer St- SMART ,12,10,1,43.64935448,-79.39675713,TRUE,TRUE
7930,Dunn Ave / Queen St W,15,6,9,43.63952275,-79.43395977,TRUE,TRUE
7931,Symes Rd / Glen Scarlett Rd - SMART,16,0,16,43.67339152,-79.47798368,TRUE,TRUE
7932,Boston Ave / Queen St E- SMART,12,11,1,43.66160165,-79.33894583,TRUE,TRUE
7933,Elizabeth St / Elm St,23,6,16,43.65709082,-79.38593669,TRUE,TRUE
7934,19 Glendora Ave,11,3,6,43.75921144,-79.40960365,TRUE,TRUE
7935,Ramsden Park,15,5,10,43.67618456,-79.38962496,TRUE,TRUE
7936,Adelaide St W / Bay St ( South ),15,15,0,43.65011638,-79.37953069,TRUE,TRUE
7937,Adelaide St W / Yonge St,19,18,0,43.65038002,-79.37872771,TRUE,TRUE
7938,Portland St / Wellington St W,15,7,7,43.64290167,-79.39937033,TRUE,TRUE
7939,Princes' Gates,17,13,3,43.63467324,-79.40897322,TRUE,TRUE
7940,Lillian St / Soudan Ave ,32,12,20,43.70607287,-79.39356162,TRUE,TRUE
7941,Hanna Ave / Snooker St,15,14,1,43.639547,-79.420022,TRUE,TRUE
7942,Hillsdale Ave E / Mount Pleasant Rd,15,3,11,43.70512127,-79.38902711,TRUE,TRUE
7943,OCAD University,23,8,15,43.65231552,-79.39091185,TRUE,TRUE
7944,Harbord St / Grace St (Bickford Park),23,0,23,43.65995364,-79.41787389,TRUE,TRUE
7945,Front St W / Spadina Ave,19,14,4,43.6423548,-79.39519752,TRUE,TRUE
7946,Richmond St W / Bathurst St,15,12,3,43.6467917,-79.4030281,TRUE,TRUE
7947,Niagara St / Queen St W ,11,7,2,43.64572868,-79.4099068,TRUE,TRUE
7948,Bathurst St / Housey St,22,3,19,43.63781904,-79.40013177,TRUE,TRUE
7949,Thompson St / Carroll St,19,5,13,43.65907065,-79.35240134,TRUE,TRUE
7950,Crawford St / Lobb Ave,23,16,7,43.64654941,-79.415589,TRUE,TRUE
7951,Fort York Blvd / Grand Magazine St,19,1,18,43.6375063,-79.4031155,TRUE,TRUE
7952,Adelaide St W / York St ,19,19,0,43.64919198,-79.38363237,TRUE,TRUE
7953,Church St / Shuter St,14,7,7,43.65505698,-79.37651025,TRUE,TRUE
